"path","id","parent_id","level","object_id","object_type","object_key","query_status","query_time","query_type","message","created_time","like_count","comment_count","error.message"
"293834040785050_1828571283977977","87","None","0","293834040785050_1828571283977977","seed","","","None","None","","","","",""
"293834040785050_1828571283977977/293834040785050_1828571283977977","171","87","1","293834040785050_1828571283977977","empty","","fetched (200)","2021-08-08 13:35:43.476022","Facebook:/<post-id>/comments","","","","",""
"293834040785050_1772763196225453","88","None","0","293834040785050_1772763196225453","seed","","","None","None","","","","",""
"293834040785050_1772763196225453/1772763196225453_1772782366223536","172","88","1","1772763196225453_1772782366223536","data","data.*","fetched (200)","2021-08-08 13:35:43.889886","Facebook:/<post-id>/comments","Tghamlu delivery, pls.?","2021-03-27T12:54:19+0000","0","0",""
"293834040785050_1772763196225453/1772763196225453_1772783539556752","173","88","1","1772763196225453_1772783539556752","data","data.*","fetched (200)","2021-08-08 13:35:43.889886","Facebook:/<post-id>/comments","Taghmludelivery","2021-03-27T12:56:34+0000","0","0",""
"293834040785050_1772763196225453/1772763196225453_1772787012889738","174","88","1","1772763196225453_1772787012889738","data","data.*","fetched (200)","2021-08-08 13:35:43.889886","Facebook:/<post-id>/comments","12 pls, kemm u meta delivery?","2021-03-27T13:02:31+0000","0","0",""
"293834040785050_1772763196225453/1772763196225453_1772824539552652","175","88","1","1772763196225453_1772824539552652","data","data.*","fetched (200)","2021-08-08 13:35:43.889886","Facebook:/<post-id>/comments","At what time are you opening for take away? And on which days you are open?","2021-03-27T14:02:07+0000","1","0",""
"293834040785050_1772763196225453/1772763196225453_1773025142865925","176","88","1","1772763196225453_1773025142865925","data","data.*","fetched (200)","2021-08-08 13:35:43.889886","Facebook:/<post-id>/comments","Kulljum ikellkhom pls ??????","2021-03-27T19:43:49+0000","0","0",""
"293834040785050_1772763196225453/1772763196225453_1780216198813486","177","88","1","1772763196225453_1780216198813486","data","data.*","fetched (200)","2021-08-08 13:35:43.889886","Facebook:/<post-id>/comments","Tajbin ta vera!","2021-04-06T15:07:24+0000","0","0",""
"293834040785050_1772763196225453/1772763196225453_1783452158489890","178","88","1","1772763196225453_1783452158489890","data","data.*","fetched (200)","2021-08-08 13:35:43.889886","Facebook:/<post-id>/comments","Delivery?","2021-04-10T17:53:13+0000","1","0",""
"293834040785050_1772763196225453/293834040785050_1772763196225453","179","88","1","293834040785050_1772763196225453","offcut","","fetched (200)","2021-08-08 13:35:43.889886","Facebook:/<post-id>/comments","","","","",""
"293834040785050_1772698236231949","89","None","0","293834040785050_1772698236231949","seed","","","None","None","","","","",""
"293834040785050_1772698236231949/1772698236231949_1772699442898495","180","89","1","1772698236231949_1772699442898495","data","data.*","fetched (200)","2021-08-08 13:35:44.132221","Facebook:/<post-id>/comments","Dawk ta incova","2021-03-27T10:13:37+0000","0","0",""
"293834040785050_1772698236231949/1772698236231949_1772704659564640","181","89","1","1772698236231949_1772704659564640","data","data.*","fetched (200)","2021-08-08 13:35:44.132221","Facebook:/<post-id>/comments","The best","2021-03-27T10:25:24+0000","0","0",""
"293834040785050_1772698236231949/1772698236231949_1772753906226382","182","89","1","1772698236231949_1772753906226382","data","data.*","fetched (200)","2021-08-08 13:35:44.132221","Facebook:/<post-id>/comments","Are these with anchovies please? Or will you be filling them with ricotta?","2021-03-27T12:05:19+0000","1","0",""
"293834040785050_1772698236231949/293834040785050_1772698236231949","183","89","1","293834040785050_1772698236231949","offcut","","fetched (200)","2021-08-08 13:35:44.132221","Facebook:/<post-id>/comments","","","","",""
"293834040785050_1767349096766863","90","None","0","293834040785050_1767349096766863","seed","","","None","None","","","","",""
"293834040785050_1767349096766863/293834040785050_1767349096766863","184","90","1","293834040785050_1767349096766863","empty","","fetched (200)","2021-08-08 13:35:44.453340","Facebook:/<post-id>/comments","","","","",""
"293834040785050_1764357870399319","91","None","0","293834040785050_1764357870399319","seed","","","None","None","","","","",""
"293834040785050_1764357870399319/1764357870399319_1764539470381159","185","91","1","1764357870399319_1764539470381159","data","data.*","fetched (200)","2021-08-08 13:35:44.797357","Facebook:/<post-id>/comments","","2021-03-16T19:50:19+0000","0","0",""
"293834040785050_1764357870399319/1764357870399319_1765121616989611","186","91","1","1764357870399319_1765121616989611","data","data.*","fetched (200)","2021-08-08 13:35:44.797357","Facebook:/<post-id>/comments","Are you open for take away pls?","2021-03-17T13:40:30+0000","0","0",""
"293834040785050_1764357870399319/293834040785050_1764357870399319","187","91","1","293834040785050_1764357870399319","offcut","","fetched (200)","2021-08-08 13:35:44.797357","Facebook:/<post-id>/comments","","","","",""
"293834040785050_1703042379864202","92","None","0","293834040785050_1703042379864202","seed","","","None","None","","","","",""
"293834040785050_1703042379864202/1703042379864202_1703075953194178","188","92","1","1703042379864202_1703075953194178","data","data.*","fetched (200)","2021-08-08 13:35:45.177305","Facebook:/<post-id>/comments","Best restorant good and clean  very nice awguri","2020-12-22T17:15:13+0000","1","0",""
"293834040785050_1703042379864202/293834040785050_1703042379864202","189","92","1","293834040785050_1703042379864202","offcut","","fetched (200)","2021-08-08 13:35:45.177305","Facebook:/<post-id>/comments","","","","",""
"293834040785050_1700659846769122","93","None","0","293834040785050_1700659846769122","seed","","","None","None","","","","",""
"293834040785050_1700659846769122/1700659846769122_1700673120101128","190","93","1","1700659846769122_1700673120101128","data","data.*","fetched (200)","2021-08-08 13:35:45.695883","Facebook:/<post-id>/comments","Restorant millaqwa u nadif il festi tajjba il kullhadd proset","2020-12-19T09:44:45+0000","1","0",""
"293834040785050_1700659846769122/1700659846769122_1700718556763251","191","93","1","1700659846769122_1700718556763251","data","data.*","fetched (200)","2021-08-08 13:35:45.695883","Facebook:/<post-id>/comments","The best","2020-12-19T11:21:01+0000","0","0",""
"293834040785050_1700659846769122/1700659846769122_1700930410075399","192","93","1","1700659846769122_1700930410075399","data","data.*","fetched (200)","2021-08-08 13:35:45.695883","Facebook:/<post-id>/comments","Very good","2020-12-19T17:18:06+0000","0","0",""
"293834040785050_1700659846769122/293834040785050_1700659846769122","193","93","1","293834040785050_1700659846769122","offcut","","fetched (200)","2021-08-08 13:35:45.695883","Facebook:/<post-id>/comments","","","","",""
"293834040785050_1695211643980609","94","None","0","293834040785050_1695211643980609","seed","","","None","None","","","","",""
"293834040785050_1695211643980609/1695211643980609_1695522207282886","194","94","1","1695211643980609_1695522207282886","data","data.*","fetched (200)","2021-08-08 13:35:45.958164","Facebook:/<post-id>/comments","Good   restaurant","2020-12-12T17:03:17+0000","0","0",""
"293834040785050_1695211643980609/1695211643980609_1703070586528048","195","94","1","1695211643980609_1703070586528048","data","data.*","fetched (200)","2021-08-08 13:35:45.958164","Facebook:/<post-id>/comments","The best mince pies.Prosit Maria ","2020-12-22T17:04:38+0000","0","0",""
"293834040785050_1695211643980609/1695211643980609_1707930636042043","196","94","1","1695211643980609_1707930636042043","data","data.*","fetched (200)","2021-08-08 13:35:45.958164","Facebook:/<post-id>/comments","Very good.","2020-12-29T07:17:47+0000","0","0",""
"293834040785050_1695211643980609/293834040785050_1695211643980609","197","94","1","293834040785050_1695211643980609","offcut","","fetched (200)","2021-08-08 13:35:45.958164","Facebook:/<post-id>/comments","","","","",""
"293834040785050_1534725840029191","95","None","0","293834040785050_1534725840029191","seed","","","None","None","","","","",""
"293834040785050_1534725840029191/293834040785050_1534725840029191","198","95","1","293834040785050_1534725840029191","empty","","fetched (200)","2021-08-08 13:35:46.388550","Facebook:/<post-id>/comments","","","","",""
"293834040785050_1518303605004748","96","None","0","293834040785050_1518303605004748","seed","","","None","None","","","","",""
"293834040785050_1518303605004748/1518303605004748_1518306748337767","199","96","1","1518303605004748_1518306748337767","data","data.*","fetched (200)","2021-08-08 13:35:46.584012","Facebook:/<post-id>/comments","Our favorite place!!!","2020-06-02T13:15:30+0000","1","0",""
"293834040785050_1518303605004748/1518303605004748_1518312685003840","200","96","1","1518303605004748_1518312685003840","data","data.*","fetched (200)","2021-08-08 13:35:46.584012","Facebook:/<post-id>/comments","The best place","2020-06-02T13:25:06+0000","1","0",""
"293834040785050_1518303605004748/1518303605004748_1518324108336031","201","96","1","1518303605004748_1518324108336031","data","data.*","fetched (200)","2021-08-08 13:35:46.584012","Facebook:/<post-id>/comments","Cu.soon.","2020-06-02T13:42:33+0000","1","0",""
"293834040785050_1518303605004748/1518303605004748_1518324601669315","202","96","1","1518303605004748_1518324601669315","data","data.*","fetched (200)","2021-08-08 13:35:46.584012","Facebook:/<post-id>/comments","Wow freat se you soon","2020-06-02T13:43:19+0000","1","0",""
"293834040785050_1518303605004748/1518303605004748_1518349201666855","203","96","1","1518303605004748_1518349201666855","data","data.*","fetched (200)","2021-08-08 13:35:46.584012","Facebook:/<post-id>/comments","Bravi si riparte alla grande😘😘😘","2020-06-02T14:18:51+0000","0","0",""
"293834040785050_1518303605004748/1518303605004748_1518351085000000","204","96","1","1518303605004748_1518351085000000","data","data.*","fetched (200)","2021-08-08 13:35:46.584012","Facebook:/<post-id>/comments","Wow my favourite cu soon 🥰","2020-06-02T14:22:25+0000","0","0",""
"293834040785050_1518303605004748/1518303605004748_1518419488326493","205","96","1","1518303605004748_1518419488326493","data","data.*","fetched (200)","2021-08-08 13:35:46.584012","Facebook:/<post-id>/comments","Good luck. See you soon ❤","2020-06-02T16:02:31+0000","0","0",""
"293834040785050_1518303605004748/1518303605004748_1518468538321588","206","96","1","1518303605004748_1518468538321588","data","data.*","fetched (200)","2021-08-08 13:35:46.584012","Facebook:/<post-id>/comments","Good food ,friendly staff","2020-06-02T17:16:19+0000","0","0",""
"293834040785050_1518303605004748/1518303605004748_1526983957470046","207","96","1","1518303605004748_1526983957470046","data","data.*","fetched (200)","2021-08-08 13:35:46.584012","Facebook:/<post-id>/comments","Our favourite place for fish.","2020-06-12T09:47:22+0000","0","0",""
"293834040785050_1518303605004748/293834040785050_1518303605004748","208","96","1","293834040785050_1518303605004748","offcut","","fetched (200)","2021-08-08 13:35:46.584012","Facebook:/<post-id>/comments","","","","",""
"293834040785050_1512796085555500","97","None","0","293834040785050_1512796085555500","seed","","","None","None","","","","",""
"293834040785050_1512796085555500/1512796085555500_1512803938888048","209","97","1","1512796085555500_1512803938888048","data","data.*","fetched (200)","2021-08-08 13:35:47.110568","Facebook:/<post-id>/comments","Good luck","2020-05-26T18:57:22+0000","1","0",""
"293834040785050_1512796085555500/1512796085555500_1512804658887976","210","97","1","1512796085555500_1512804658887976","data","data.*","fetched (200)","2021-08-08 13:35:47.110568","Facebook:/<post-id>/comments","","2020-05-26T18:58:40+0000","1","0",""
"293834040785050_1512796085555500/1512796085555500_1512821882219587","211","97","1","1512796085555500_1512821882219587","data","data.*","fetched (200)","2021-08-08 13:35:47.110568","Facebook:/<post-id>/comments","","2020-05-26T19:31:16+0000","1","0",""
"293834040785050_1512796085555500/1512796085555500_1512831278885314","212","97","1","1512796085555500_1512831278885314","data","data.*","fetched (200)","2021-08-08 13:35:47.110568","Facebook:/<post-id>/comments","","2020-05-26T19:51:10+0000","1","0",""
"293834040785050_1512796085555500/1512796085555500_1512841152217660","213","97","1","1512796085555500_1512841152217660","data","data.*","fetched (200)","2021-08-08 13:35:47.110568","Facebook:/<post-id>/comments","Here in America happy for you guys  Can I order and you deliver?","2020-05-26T20:10:56+0000","1","0",""
"293834040785050_1512796085555500/1512796085555500_1512873812214394","214","97","1","1512796085555500_1512873812214394","data","data.*","fetched (200)","2021-08-08 13:35:47.110568","Facebook:/<post-id>/comments","We missed you x","2020-05-26T21:18:43+0000","1","0",""
"293834040785050_1512796085555500/1512796085555500_1513097515525357","215","97","1","1512796085555500_1513097515525357","data","data.*","fetched (200)","2021-08-08 13:35:47.110568","Facebook:/<post-id>/comments","Good luck here in Australia this year I'm gona miss having lunch over,hope we see you next year.ALL THE BEST","2020-05-27T03:19:21+0000","1","0",""
"293834040785050_1512796085555500/1512796085555500_1513358335499275","216","97","1","1512796085555500_1513358335499275","data","data.*","fetched (200)","2021-08-08 13:35:47.110568","Facebook:/<post-id>/comments","Oh great. My favorite restaurant. Best ravioli in Malta! ","2020-05-27T12:00:26+0000","0","0",""
"293834040785050_1512796085555500/293834040785050_1512796085555500","217","97","1","293834040785050_1512796085555500","offcut","","fetched (200)","2021-08-08 13:35:47.110568","Facebook:/<post-id>/comments","","","","",""
"293834040785050_1447943265374116","98","None","0","293834040785050_1447943265374116","seed","","","None","None","","","","",""
"293834040785050_1447943265374116/1447943265374116_1447965562038553","218","98","1","1447943265374116_1447965562038553","data","data.*","fetched (200)","2021-08-08 13:35:47.374855","Facebook:/<post-id>/comments","Well done  Stay safe you too","2020-03-13T09:56:29+0000","2","0",""
"293834040785050_1447943265374116/1447943265374116_1447966285371814","219","98","1","1447943265374116_1447966285371814","data","data.*","fetched (200)","2021-08-08 13:35:47.374855","Facebook:/<post-id>/comments","Decizjoni f waqta....hudu hsieb","2020-03-13T09:58:06+0000","2","0",""
"293834040785050_1447943265374116/1447943265374116_1447981525370290","220","98","1","1447943265374116_1447981525370290","data","data.*","fetched (200)","2021-08-08 13:35:47.374855","Facebook:/<post-id>/comments","We done and stay safe","2020-03-13T10:23:10+0000","2","0",""
"293834040785050_1447943265374116/1447943265374116_1447992175369225","221","98","1","1447943265374116_1447992175369225","data","data.*","fetched (200)","2021-08-08 13:35:47.374855","Facebook:/<post-id>/comments","Well done my friends ...","2020-03-13T10:41:41+0000","2","0",""
"293834040785050_1447943265374116/1447943265374116_1447995345368908","222","98","1","1447943265374116_1447995345368908","data","data.*","fetched (200)","2021-08-08 13:35:47.374855","Facebook:/<post-id>/comments","Stay safe Sarah xx","2020-03-13T10:47:56+0000","2","0",""
"293834040785050_1447943265374116/1447943265374116_1447998918701884","223","98","1","1447943265374116_1447998918701884","data","data.*","fetched (200)","2021-08-08 13:35:47.374855","Facebook:/<post-id>/comments","Decizjoni f waqta grazzi taghli qatilna","2020-03-13T10:55:27+0000","2","0",""
"293834040785050_1447943265374116/1447943265374116_1448006162034493","224","98","1","1447943265374116_1448006162034493","data","data.*","fetched (200)","2021-08-08 13:35:47.374855","Facebook:/<post-id>/comments","Well done dear stay safe hope to see you soon♥️","2020-03-13T11:08:43+0000","2","0",""
"293834040785050_1447943265374116/1447943265374116_1448037035364739","225","98","1","1447943265374116_1448037035364739","data","data.*","fetched (200)","2021-08-08 13:35:47.374855","Facebook:/<post-id>/comments","You too stay safe and thank you for your dedicated custom","2020-03-13T12:06:51+0000","2","0",""
"293834040785050_1447943265374116/1447943265374116_1448084822026627","226","98","1","1447943265374116_1448084822026627","data","data.*","fetched (200)","2021-08-08 13:35:47.374855","Facebook:/<post-id>/comments","See you when things get back to normal. You have a well deserved rest now and I'm looking forward to a nice plate of ravioli soon!","2020-03-13T13:11:25+0000","2","0",""
"293834040785050_1447943265374116/1447943265374116_1448095182025591","227","98","1","1447943265374116_1448095182025591","data","data.*","fetched (200)","2021-08-08 13:35:47.374855","Facebook:/<post-id>/comments","Responsable people. Thank you. Stay safe.","2020-03-13T13:27:38+0000","2","0",""
"293834040785050_1447943265374116/1447943265374116_1448156032019506","228","98","1","1447943265374116_1448156032019506","data","data.*","fetched (200)","2021-08-08 13:35:47.374855","Facebook:/<post-id>/comments","YOU TO ","2020-03-13T14:55:16+0000","2","0",""
"293834040785050_1447943265374116/1447943265374116_1448754511959658","229","98","1","1447943265374116_1448754511959658","data","data.*","fetched (200)","2021-08-08 13:35:47.374855","Facebook:/<post-id>/comments","Well said, profit.","2020-03-14T08:05:13+0000","1","0",""
"293834040785050_1447943265374116/1447943265374116_1485909771577465","230","98","1","1447943265374116_1485909771577465","data","data.*","fetched (200)","2021-08-08 13:35:47.374855","Facebook:/<post-id>/comments","Do you sell online ? ","2020-04-25T18:03:14+0000","0","0",""
"293834040785050_1447943265374116/293834040785050_1447943265374116","231","98","1","293834040785050_1447943265374116","offcut","","fetched (200)","2021-08-08 13:35:47.374855","Facebook:/<post-id>/comments","","","","",""
"293834040785050_1427227697445673","99","None","0","293834040785050_1427227697445673","seed","","","None","None","","","","",""
"293834040785050_1427227697445673/1427227697445673_1427230164112093","232","99","1","1427227697445673_1427230164112093","data","data.*","fetched (200)","2021-08-08 13:35:47.735297","Facebook:/<post-id>/comments","Well done peristyle the best","2020-02-17T19:17:22+0000","1","0",""
"293834040785050_1427227697445673/1427227697445673_1427232370778539","233","99","1","1427227697445673_1427232370778539","data","data.*","fetched (200)","2021-08-08 13:35:47.735297","Facebook:/<post-id>/comments","Well done","2020-02-17T19:21:22+0000","1","0",""
"293834040785050_1427227697445673/1427227697445673_1427232727445170","234","99","1","1427227697445673_1427232727445170","data","data.*","fetched (200)","2021-08-08 13:35:47.735297","Facebook:/<post-id>/comments","Prosit d best 👍👍👍","2020-02-17T19:21:58+0000","1","0",""
"293834040785050_1427227697445673/1427227697445673_1427234120778364","235","99","1","1427227697445673_1427234120778364","data","data.*","fetched (200)","2021-08-08 13:35:47.735297","Facebook:/<post-id>/comments","Big well done","2020-02-17T19:24:36+0000","1","0",""
"293834040785050_1427227697445673/1427227697445673_1427234617444981","236","99","1","1427227697445673_1427234617444981","data","data.*","fetched (200)","2021-08-08 13:35:47.735297","Facebook:/<post-id>/comments","Well done","2020-02-17T19:25:32+0000","1","0",""
"293834040785050_1427227697445673/1427227697445673_1427234727444970","237","99","1","1427227697445673_1427234727444970","data","data.*","fetched (200)","2021-08-08 13:35:47.735297","Facebook:/<post-id>/comments","They are the best for everything","2020-02-17T19:25:47+0000","1","0",""
"293834040785050_1427227697445673/1427227697445673_1427234757444967","238","99","1","1427227697445673_1427234757444967","data","data.*","fetched (200)","2021-08-08 13:35:47.735297","Facebook:/<post-id>/comments","Proset","2020-02-17T19:25:50+0000","1","0",""
"293834040785050_1427227697445673/1427227697445673_1427235337444909","239","99","1","1427227697445673_1427235337444909","data","data.*","fetched (200)","2021-08-08 13:35:47.735297","Facebook:/<post-id>/comments","Well Done ☺️ D Best 😁","2020-02-17T19:27:05+0000","1","0",""
"293834040785050_1427227697445673/1427227697445673_1427239094111200","240","99","1","1427227697445673_1427239094111200","data","data.*","fetched (200)","2021-08-08 13:35:47.735297","Facebook:/<post-id>/comments","Well done","2020-02-17T19:32:46+0000","1","0",""
"293834040785050_1427227697445673/1427227697445673_1427239974111112","241","99","1","1427227697445673_1427239974111112","data","data.*","fetched (200)","2021-08-08 13:35:47.735297","Facebook:/<post-id>/comments","The best","2020-02-17T19:34:26+0000","1","0",""
"293834040785050_1427227697445673/1427227697445673_1427247070777069","242","99","1","1427227697445673_1427247070777069","data","data.*","fetched (200)","2021-08-08 13:35:47.735297","Facebook:/<post-id>/comments","Well done Peristyle for me you are the number one","2020-02-17T19:48:11+0000","2","0",""
"293834040785050_1427227697445673/1427227697445673_1427251187443324","243","99","1","1427227697445673_1427251187443324","data","data.*","fetched (200)","2021-08-08 13:35:47.735297","Facebook:/<post-id>/comments","Looking forward to taste them again in March when I’m back home","2020-02-17T19:56:27+0000","1","0",""
"293834040785050_1427227697445673/1427227697445673_1427252907443152","244","99","1","1427227697445673_1427252907443152","data","data.*","fetched (200)","2021-08-08 13:35:47.735297","Facebook:/<post-id>/comments","Well done peristyle , best qassatat","2020-02-17T19:59:52+0000","1","0",""
"293834040785050_1427227697445673/1427227697445673_1427271494107960","245","99","1","1427227697445673_1427271494107960","data","data.*","fetched (200)","2021-08-08 13:35:47.735297","Facebook:/<post-id>/comments","The best","2020-02-17T20:35:09+0000","1","0",""
"293834040785050_1427227697445673/1427227697445673_1427281747440268","246","99","1","1427227697445673_1427281747440268","data","data.*","fetched (200)","2021-08-08 13:35:47.735297","Facebook:/<post-id>/comments","The best .","2020-02-17T20:57:17+0000","1","0",""
"293834040785050_1427227697445673/1427227697445673_1427286617439781","247","99","1","1427227697445673_1427286617439781","data","data.*","fetched (200)","2021-08-08 13:35:47.735297","Facebook:/<post-id>/comments","Well done to Peristyle Rabat. Mark Sarah Mifsud ,Luke Mifsud , Peter Mifsud your the best","2020-02-17T21:03:46+0000","1","0",""
"293834040785050_1427227697445673/1427227697445673_1427306847437758","248","99","1","1427227697445673_1427306847437758","data","data.*","fetched (200)","2021-08-08 13:35:47.735297","Facebook:/<post-id>/comments","Well done d Best 👍👍👍","2020-02-17T21:40:13+0000","1","0",""
"293834040785050_1427227697445673/1427227697445673_1427398354095274","249","99","1","1427227697445673_1427398354095274","data","data.*","fetched (200)","2021-08-08 13:35:47.735297","Facebook:/<post-id>/comments","Missing the crew Tony and Dorothy from the U.S.","2020-02-18T00:37:41+0000","1","0",""
"293834040785050_1427227697445673/1427227697445673_1427580867410356","250","99","1","1427227697445673_1427580867410356","data","data.*","fetched (200)","2021-08-08 13:35:47.735297","Facebook:/<post-id>/comments","I am sure Dan u San enjoyed eating Peristyle Pastizzi.They are the best.👍🏻😋💖","2020-02-18T05:56:22+0000","1","0",""
"293834040785050_1427227697445673/1427227697445673_1427603777408065","251","99","1","1427227697445673_1427603777408065","data","data.*","fetched (200)","2021-08-08 13:35:47.735297","Facebook:/<post-id>/comments","Well done my favroite Resturant.","2020-02-18T06:36:42+0000","1","0",""
"293834040785050_1427227697445673/1427227697445673_1427643377404105","252","99","1","1427227697445673_1427643377404105","data","data.*","fetched (200)","2021-08-08 13:35:47.735297","Facebook:/<post-id>/comments","The best well done came from zabbar for pasttizi good and clean peristyle resturant","2020-02-18T07:28:45+0000","0","0",""
"293834040785050_1427227697445673/1427227697445673_1427734340728342","253","99","1","1427227697445673_1427734340728342","data","data.*","fetched (200)","2021-08-08 13:35:47.735297","Facebook:/<post-id>/comments","Well done my favorite restaurant","2020-02-18T10:14:39+0000","0","0",""
"293834040785050_1427227697445673/1427227697445673_1427803674054742","254","99","1","1427227697445673_1427803674054742","data","data.*","fetched (200)","2021-08-08 13:35:47.735297","Facebook:/<post-id>/comments","Mark the best.","2020-02-18T11:58:12+0000","1","0",""
"293834040785050_1427227697445673/293834040785050_1427227697445673","255","99","1","293834040785050_1427227697445673","offcut","","fetched (200)","2021-08-08 13:35:47.735297","Facebook:/<post-id>/comments","","","","",""
"293834040785050_1291448271023617","100","None","0","293834040785050_1291448271023617","seed","","","None","None","","","","",""
"293834040785050_1291448271023617/1291448271023617_1291464634355314","256","100","1","1291448271023617_1291464634355314","data","data.*","fetched (200)","2021-08-08 13:35:48.116344","Facebook:/<post-id>/comments","Ftahtli l aptit kemm inhobbhom dawn.Nibdilom ma kollox.","2019-09-29T09:39:05+0000","0","0",""
"293834040785050_1291448271023617/1291448271023617_1291497484352029","257","100","1","1291448271023617_1291497484352029","data","data.*","fetched (200)","2021-08-08 13:35:48.116344","Facebook:/<post-id>/comments","Carvjol ghadni gej bihom","2019-09-29T10:44:46+0000","0","0",""
"293834040785050_1291448271023617/1291448271023617_1291581544343623","258","100","1","1291448271023617_1291581544343623","data","data.*","fetched (200)","2021-08-08 13:35:48.116344","Facebook:/<post-id>/comments","The best food !!!","2019-09-29T13:08:04+0000","0","0",""
"293834040785050_1291448271023617/293834040785050_1291448271023617","259","100","1","293834040785050_1291448271023617","offcut","","fetched (200)","2021-08-08 13:35:48.116344","Facebook:/<post-id>/comments","","","","",""
"293834040785050_1291447147690396","101","None","0","293834040785050_1291447147690396","seed","","","None","None","","","","",""
"293834040785050_1291447147690396/1291447147690396_1291605277674583","260","101","1","1291447147690396_1291605277674583","data","data.*","fetched (200)","2021-08-08 13:35:48.860303","Facebook:/<post-id>/comments","The best","2019-09-29T13:43:16+0000","0","0",""
"293834040785050_1291447147690396/293834040785050_1291447147690396","261","101","1","293834040785050_1291447147690396","offcut","","fetched (200)","2021-08-08 13:35:48.860303","Facebook:/<post-id>/comments","","","","",""
"293834040785050_1280884018746709","102","None","0","293834040785050_1280884018746709","seed","","","None","None","","","","",""
"293834040785050_1280884018746709/293834040785050_1280884018746709","262","102","1","293834040785050_1280884018746709","empty","","fetched (200)","2021-08-08 13:35:49.183961","Facebook:/<post-id>/comments","","","","",""
"293834040785050_1217127538455691","103","None","0","293834040785050_1217127538455691","seed","","","None","None","","","","",""
"293834040785050_1217127538455691/1217127538455691_1217356505099461","263","103","1","1217127538455691_1217356505099461","data","data.*","fetched (200)","2021-08-08 13:35:49.375326","Facebook:/<post-id>/comments","Wowww cu soon","2019-06-22T16:12:54+0000","1","0",""
"293834040785050_1217127538455691/1217127538455691_1225109994324112","264","103","1","1217127538455691_1225109994324112","data","data.*","fetched (200)","2021-08-08 13:35:49.375326","Facebook:/<post-id>/comments","Yummy yummy 😋","2019-07-02T20:45:00+0000","1","0",""
"293834040785050_1217127538455691/1217127538455691_1228995567268888","265","103","1","1217127538455691_1228995567268888","data","data.*","fetched (200)","2021-08-08 13:35:49.375326","Facebook:/<post-id>/comments","Woowww yummyyyy","2019-07-08T13:09:14+0000","0","0",""
"293834040785050_1217127538455691/293834040785050_1217127538455691","266","103","1","293834040785050_1217127538455691","offcut","","fetched (200)","2021-08-08 13:35:49.375326","Facebook:/<post-id>/comments","","","","",""
"293834040785050_1149575511877561","104","None","0","293834040785050_1149575511877561","seed","","","None","None","","","","",""
"293834040785050_1149575511877561/1149575511877561_1149580985210347","267","104","1","1149575511877561_1149580985210347","data","data.*","fetched (200)","2021-08-08 13:35:49.829542","Facebook:/<post-id>/comments","Yuuummmmyyyy","2019-03-19T08:35:34+0000","0","0",""
"293834040785050_1149575511877561/1149575511877561_1149581535210292","268","104","1","1149575511877561_1149581535210292","data","data.*","fetched (200)","2021-08-08 13:35:49.829542","Facebook:/<post-id>/comments","Can you deliver to Melbourne pls? 😛","2019-03-19T08:37:33+0000","0","0",""
"293834040785050_1149575511877561/1149575511877561_1149582015210244","269","104","1","1149575511877561_1149582015210244","data","data.*","fetched (200)","2021-08-08 13:35:49.829542","Facebook:/<post-id>/comments","reserve me some for tonight 🙂","2019-03-19T08:39:30+0000","0","0",""
"293834040785050_1149575511877561/1149575511877561_1149583695210076","270","104","1","1149575511877561_1149583695210076","data","data.*","fetched (200)","2021-08-08 13:35:49.829542","Facebook:/<post-id>/comments","The best Peter 👍🔝","2019-03-19T08:45:52+0000","0","0",""
"293834040785050_1149575511877561/1149575511877561_1149587895209656","271","104","1","1149575511877561_1149587895209656","data","data.*","fetched (200)","2021-08-08 13:35:49.829542","Facebook:/<post-id>/comments","The best.","2019-03-19T08:59:25+0000","0","0",""
"293834040785050_1149575511877561/1149575511877561_1149604921874620","272","104","1","1149575511877561_1149604921874620","data","data.*","fetched (200)","2021-08-08 13:35:49.829542","Facebook:/<post-id>/comments","Yum, wish I was there.","2019-03-19T09:49:27+0000","0","0",""
"293834040785050_1149575511877561/1149575511877561_1149633931871719","273","104","1","1149575511877561_1149633931871719","data","data.*","fetched (200)","2021-08-08 13:35:49.829542","Facebook:/<post-id>/comments","Can you make some when we come to Malta in August. Say hello to our niece Sarah and her family  pls.","2019-03-19T10:49:50+0000","0","0",""
"293834040785050_1149575511877561/1149575511877561_1149788388522940","274","104","1","1149575511877561_1149788388522940","data","data.*","fetched (200)","2021-08-08 13:35:49.829542","Facebook:/<post-id>/comments","Prosit Peter.. Peristyle the best","2019-03-19T16:40:54+0000","0","0",""
"293834040785050_1149575511877561/1149575511877561_1149865885181857","275","104","1","1149575511877561_1149865885181857","data","data.*","fetched (200)","2021-08-08 13:35:49.829542","Facebook:/<post-id>/comments","Proset bello mawx bhalek int 💪","2019-03-19T19:45:55+0000","0","0",""
"293834040785050_1149575511877561/1149575511877561_1150405585127887","276","104","1","1149575511877561_1150405585127887","data","data.*","fetched (200)","2021-08-08 13:35:49.829542","Facebook:/<post-id>/comments","Vera tajjbin yummyyyy","2019-03-20T16:28:35+0000","0","0",""
"293834040785050_1149575511877561/1149575511877561_1212369288931516","277","104","1","1149575511877561_1212369288931516","data","data.*","fetched (200)","2021-08-08 13:35:49.829542","Facebook:/<post-id>/comments","TOP IN MALTA.","2019-06-16T09:54:30+0000","0","0",""
"293834040785050_1149575511877561/293834040785050_1149575511877561","278","104","1","293834040785050_1149575511877561","offcut","","fetched (200)","2021-08-08 13:35:49.829542","Facebook:/<post-id>/comments","","","","",""
"293834040785050_1149575101877602","105","None","0","293834040785050_1149575101877602","seed","","","None","None","","","","",""
"293834040785050_1149575101877602/1149575101877602_1149595708542208","279","105","1","1149575101877602_1149595708542208","data","data.*","fetched (200)","2021-08-08 13:35:50.200517","Facebook:/<post-id>/comments","Well done  Peter.  Good luck.","2019-03-19T09:21:23+0000","0","0",""
"293834040785050_1149575101877602/1149575101877602_1149648665203579","280","105","1","1149575101877602_1149648665203579","data","data.*","fetched (200)","2021-08-08 13:35:50.200517","Facebook:/<post-id>/comments","bil crema jew irkotta taghkhom??","2019-03-19T11:26:46+0000","0","0",""
"293834040785050_1149575101877602/1149575101877602_1149683408533438","281","105","1","1149575101877602_1149683408533438","data","data.*","fetched (200)","2021-08-08 13:35:50.200517","Facebook:/<post-id>/comments","Prosit Peter Mifsud keep doing traditional zeppoli !! Save 1 for me !!","2019-03-19T12:48:44+0000","0","0",""
"293834040785050_1149575101877602/1149575101877602_1149698631865249","282","105","1","1149575101877602_1149698631865249","data","data.*","fetched (200)","2021-08-08 13:35:50.200517","Facebook:/<post-id>/comments","Prosit Peter.tassew tajbin.","2019-03-19T13:25:55+0000","0","0",""
"293834040785050_1149575101877602/1149575101877602_1149760705192375","283","105","1","1149575101877602_1149760705192375","data","data.*","fetched (200)","2021-08-08 13:35:50.200517","Facebook:/<post-id>/comments","Prosit","2019-03-19T15:39:43+0000","0","0",""
"293834040785050_1149575101877602/293834040785050_1149575101877602","284","105","1","293834040785050_1149575101877602","offcut","","fetched (200)","2021-08-08 13:35:50.200517","Facebook:/<post-id>/comments","","","","",""
"293834040785050_1062025427299237","106","None","0","293834040785050_1062025427299237","seed","","","None","None","","","","",""
"293834040785050_1062025427299237/1062025427299237_1132799893555123","285","106","1","1062025427299237_1132799893555123","data","data.*","fetched (200)","2021-08-08 13:35:50.808848","Facebook:/<post-id>/comments","Hoooo c quoi c feuilleté ??????","2019-02-20T16:06:07+0000","0","0",""
"293834040785050_1062025427299237/293834040785050_1062025427299237","286","106","1","293834040785050_1062025427299237","offcut","","fetched (200)","2021-08-08 13:35:50.808848","Facebook:/<post-id>/comments","","","","",""
"293834040785050_1058405417661238","107","None","0","293834040785050_1058405417661238","seed","","","None","None","","","","",""
"293834040785050_1058405417661238/1058405417661238_1058409480994165","287","107","1","1058405417661238_1058409480994165","data","data.*","fetched (200)","2021-08-08 13:35:51.130965","Facebook:/<post-id>/comments","Maureen Schofield you have to try these!! 😱😱","2018-10-28T18:59:46+0000","0","0",""
"293834040785050_1058405417661238/1058405417661238_1058412644327182","288","107","1","1058405417661238_1058412644327182","data","data.*","fetched (200)","2021-08-08 13:35:51.130965","Facebook:/<post-id>/comments","The best","2018-10-28T19:07:24+0000","0","0",""
"293834040785050_1058405417661238/1058405417661238_1058413294327117","289","107","1","1058405417661238_1058413294327117","data","data.*","fetched (200)","2021-08-08 13:35:51.130965","Facebook:/<post-id>/comments","Missna nippruvawom dawn next Sunday Graziella Gatt","2018-10-28T19:09:46+0000","0","0",""
"293834040785050_1058405417661238/1058405417661238_1058414480993665","290","107","1","1058405417661238_1058414480993665","data","data.*","fetched (200)","2021-08-08 13:35:51.130965","Facebook:/<post-id>/comments","Yummy 😋","2018-10-28T19:13:56+0000","0","0",""
"293834040785050_1058405417661238/1058405417661238_1058415640993549","291","107","1","1058405417661238_1058415640993549","data","data.*","fetched (200)","2021-08-08 13:35:51.130965","Facebook:/<post-id>/comments","Ooohhh look yummy! C","2018-10-28T19:17:51+0000","1","0",""
"293834040785050_1058405417661238/1058405417661238_1058418420993271","292","107","1","1058405417661238_1058418420993271","data","data.*","fetched (200)","2021-08-08 13:35:51.130965","Facebook:/<post-id>/comments","Next Sunday the restaurant will be closed Maria Borg","2018-10-28T19:26:35+0000","0","0",""
"293834040785050_1058405417661238/1058405417661238_1058436547658125","293","107","1","1058405417661238_1058436547658125","data","data.*","fetched (200)","2021-08-08 13:35:51.130965","Facebook:/<post-id>/comments","😋😋I love them","2018-10-28T20:19:06+0000","0","0",""
"293834040785050_1058405417661238/1058405417661238_1058439290991184","294","107","1","1058405417661238_1058439290991184","data","data.*","fetched (200)","2021-08-08 13:35:51.130965","Facebook:/<post-id>/comments","The best👌👍","2018-10-28T20:26:30+0000","0","0",""
"293834040785050_1058405417661238/1058405417661238_1058488660986247","295","107","1","1058405417661238_1058488660986247","data","data.*","fetched (200)","2021-08-08 13:35:51.130965","Facebook:/<post-id>/comments","The best Mouth watering 👌👌👌","2018-10-28T22:54:53+0000","2","0",""
"293834040785050_1058405417661238/1058405417661238_1058497820985331","296","107","1","1058405417661238_1058497820985331","data","data.*","fetched (200)","2021-08-08 13:35:51.130965","Facebook:/<post-id>/comments","The very Good and very nice place to be.in Rabat.","2018-10-28T23:23:09+0000","0","0",""
"293834040785050_1058405417661238/1058405417661238_1058589040976209","297","107","1","1058405417661238_1058589040976209","data","data.*","fetched (200)","2021-08-08 13:35:51.130965","Facebook:/<post-id>/comments","tajba","2018-10-29T03:56:22+0000","0","0",""
"293834040785050_1058405417661238/1058405417661238_1058706340964479","298","107","1","1058405417661238_1058706340964479","data","data.*","fetched (200)","2021-08-08 13:35:51.130965","Facebook:/<post-id>/comments","true very good","2018-10-29T08:10:43+0000","0","0",""
"293834040785050_1058405417661238/1058405417661238_1059563127545467","299","107","1","1058405417661238_1059563127545467","data","data.*","fetched (200)","2021-08-08 13:35:51.130965","Facebook:/<post-id>/comments","Just love them ,they taste  so good the best I ever taste","2018-10-30T19:15:22+0000","0","0",""
"293834040785050_1058405417661238/1058405417661238_1113333355501777","300","107","1","1058405417661238_1113333355501777","data","data.*","fetched (200)","2021-08-08 13:35:51.130965","Facebook:/<post-id>/comments","Mallia Pierre araaaa fejn huma mmmmm 😁","2019-01-21T19:17:53+0000","0","0",""
"293834040785050_1058405417661238/1058405417661238_1309527152549062","301","107","1","1058405417661238_1309527152549062","data","data.*","fetched (200)","2021-08-08 13:35:51.130965","Facebook:/<post-id>/comments","The best","2019-10-19T15:21:51+0000","0","0",""
"293834040785050_1058405417661238/1058405417661238_1310662155768895","302","107","1","1058405417661238_1310662155768895","data","data.*","fetched (200)","2021-08-08 13:35:51.130965","Facebook:/<post-id>/comments","Pastizzi tal_gen","2019-10-20T17:09:40+0000","0","0",""
"293834040785050_1058405417661238/1058405417661238_1336094026559041","303","107","1","1058405417661238_1336094026559041","data","data.*","fetched (200)","2021-08-08 13:35:51.130965","Facebook:/<post-id>/comments","the best","2019-11-15T15:23:32+0000","0","0",""
"293834040785050_1058405417661238/293834040785050_1058405417661238","304","107","1","293834040785050_1058405417661238","offcut","","fetched (200)","2021-08-08 13:35:51.130965","Facebook:/<post-id>/comments","","","","",""
"293834040785050_1054306101404503","108","None","0","293834040785050_1054306101404503","seed","","","None","None","","","","",""
"293834040785050_1054306101404503/1054306101404503_1157352557766523","305","108","1","1054306101404503_1157352557766523","data","data.*","fetched (200)","2021-08-08 13:35:51.428148","Facebook:/<post-id>/comments","Can i see he menu please?  Thank you.","2019-03-31T09:59:46+0000","0","0",""
"293834040785050_1054306101404503/1054306101404503_1294807300687714","306","108","1","1054306101404503_1294807300687714","data","data.*","fetched (200)","2021-08-08 13:35:51.428148","Facebook:/<post-id>/comments","Address please so we come to lunch.","2019-10-03T10:48:48+0000","0","0",""
"293834040785050_1054306101404503/1054306101404503_1424224421079334","307","108","1","1054306101404503_1424224421079334","data","data.*","fetched (200)","2021-08-08 13:35:51.428148","Facebook:/<post-id>/comments","Most romantic for tonight.","2020-02-14T09:00:07+0000","0","0",""
"293834040785050_1054306101404503/293834040785050_1054306101404503","308","108","1","293834040785050_1054306101404503","offcut","","fetched (200)","2021-08-08 13:35:51.428148","Facebook:/<post-id>/comments","","","","",""
"293834040785050_1034295343405579","109","None","0","293834040785050_1034295343405579","seed","","","None","None","","","","",""
"293834040785050_1034295343405579/293834040785050_1034295343405579","309","109","1","293834040785050_1034295343405579","empty","","fetched (200)","2021-08-08 13:35:51.762233","Facebook:/<post-id>/comments","","","","",""
"293834040785050_995575313944249","110","None","0","293834040785050_995575313944249","seed","","","None","None","","","","",""
"293834040785050_995575313944249/293834040785050_995575313944249","310","110","1","293834040785050_995575313944249","empty","","fetched (200)","2021-08-08 13:35:52.062410","Facebook:/<post-id>/comments","","","","",""
"293834040785050_962696783898769","111","None","0","293834040785050_962696783898769","seed","","","None","None","","","","",""
"293834040785050_962696783898769/293834040785050_962696783898769","311","111","1","293834040785050_962696783898769","empty","","fetched (200)","2021-08-08 13:35:52.487244","Facebook:/<post-id>/comments","","","","",""
"293834040785050_890135051154943","112","None","0","293834040785050_890135051154943","seed","","","None","None","","","","",""
"293834040785050_890135051154943/890135051154943_890588921109556","312","112","1","890135051154943_890588921109556","data","data.*","fetched (200)","2021-08-08 13:35:52.708636","Facebook:/<post-id>/comments","Wow it looks so good. Prosit","2018-03-15T12:39:30+0000","1","0",""
"293834040785050_890135051154943/890135051154943_1132800296888416","313","112","1","890135051154943_1132800296888416","data","data.*","fetched (200)","2021-08-08 13:35:52.708636","Facebook:/<post-id>/comments","Hoooooo seigneur que c beau. ?????","2019-02-20T16:07:06+0000","0","0",""
"293834040785050_890135051154943/890135051154943_1231890643646047","314","112","1","890135051154943_1231890643646047","data","data.*","fetched (200)","2021-08-08 13:35:52.708636","Facebook:/<post-id>/comments","Next time","2019-07-12T13:28:46+0000","1","0",""
"293834040785050_890135051154943/890135051154943_1232015636966881","315","112","1","890135051154943_1232015636966881","data","data.*","fetched (200)","2021-08-08 13:35:52.708636","Facebook:/<post-id>/comments","Yummy","2019-07-12T17:09:04+0000","1","0",""
"293834040785050_890135051154943/890135051154943_1232765666891878","316","112","1","890135051154943_1232765666891878","data","data.*","fetched (200)","2021-08-08 13:35:52.708636","Facebook:/<post-id>/comments","Beautiful Restaurant.    Amazing Food","2019-07-13T19:19:11+0000","0","0",""
"293834040785050_890135051154943/293834040785050_890135051154943","317","112","1","293834040785050_890135051154943","offcut","","fetched (200)","2021-08-08 13:35:52.708636","Facebook:/<post-id>/comments","","","","",""
"293834040785050_864729350362180","113","None","0","293834040785050_864729350362180","seed","","","None","None","","","","",""
"293834040785050_864729350362180/864729350362180_864964303672018","318","113","1","864729350362180_864964303672018","data","data.*","fetched (200)","2021-08-08 13:35:53.055686","Facebook:/<post-id>/comments","Yummy","2018-01-26T18:57:37+0000","0","0",""
"293834040785050_864729350362180/864729350362180_864997940335321","319","113","1","864729350362180_864997940335321","data","data.*","fetched (200)","2021-08-08 13:35:53.055686","Facebook:/<post-id>/comments","Wow vey nice . Yummy yummy","2018-01-26T20:29:52+0000","0","0",""
"293834040785050_864729350362180/293834040785050_864729350362180","320","113","1","293834040785050_864729350362180","offcut","","fetched (200)","2021-08-08 13:35:53.055686","Facebook:/<post-id>/comments","","","","",""
"293834040785050_808300159338433","114","None","0","293834040785050_808300159338433","seed","","","None","None","","","","",""
"293834040785050_808300159338433/808300159338433_808528789315570","321","114","1","808300159338433_808528789315570","data","data.*","fetched (200)","2021-08-08 13:35:53.421680","Facebook:/<post-id>/comments","rega fetah wara lofsinar ghat tea upastizzi u pizza","2017-10-01T06:40:17+0000","0","0",""
"293834040785050_808300159338433/293834040785050_808300159338433","322","114","1","293834040785050_808300159338433","offcut","","fetched (200)","2021-08-08 13:35:53.421680","Facebook:/<post-id>/comments","","","","",""
"293834040785050_793976917437424","115","None","0","293834040785050_793976917437424","seed","","","None","None","","","","",""
"293834040785050_793976917437424/293834040785050_793976917437424","323","115","1","293834040785050_793976917437424","empty","","fetched (200)","2021-08-08 13:35:53.762745","Facebook:/<post-id>/comments","","","","",""
"293834040785050_771975582970891","116","None","0","293834040785050_771975582970891","seed","","","None","None","","","","",""
"293834040785050_771975582970891/293834040785050_771975582970891","324","116","1","293834040785050_771975582970891","empty","","fetched (200)","2021-08-08 13:35:54.056938","Facebook:/<post-id>/comments","","","","",""
"293834040785050_745843492250767","117","None","0","293834040785050_745843492250767","seed","","","None","None","","","","",""
"293834040785050_745843492250767/293834040785050_745843492250767","325","117","1","293834040785050_745843492250767","empty","","fetched (200)","2021-08-08 13:35:54.452900","Facebook:/<post-id>/comments","","","","",""
"293834040785050_705322596302857","118","None","0","293834040785050_705322596302857","seed","","","None","None","","","","",""
"293834040785050_705322596302857/705322596302857_705324002969383","326","118","1","705322596302857_705324002969383","data","data.*","fetched (200)","2021-08-08 13:35:54.872701","Facebook:/<post-id>/comments","Il Festa it Tajba lilkom kollha u erfali tnejn!!!!!!!!!!!!!!!!","2017-03-18T10:27:19+0000","1","0",""
"293834040785050_705322596302857/705322596302857_705328216302295","327","118","1","705322596302857_705328216302295","data","data.*","fetched (200)","2021-08-08 13:35:54.872701","Facebook:/<post-id>/comments","Inhobbom ghax tajbin u friski dejjem tieghek...prosit Peter!!","2017-03-18T10:37:01+0000","0","0",""
"293834040785050_705322596302857/705322596302857_705328516302265","328","118","1","705322596302857_705328516302265","data","data.*","fetched (200)","2021-08-08 13:35:54.872701","Facebook:/<post-id>/comments","Grazzi  inthom gejjin nibaghatlek ma il vapur li immis","2017-03-18T10:38:28+0000","1","1",""
"293834040785050_705322596302857/705322596302857_705330926302024","329","118","1","705322596302857_705330926302024","data","data.*","fetched (200)","2021-08-08 13:35:54.872701","Facebook:/<post-id>/comments","Yummmmmyyyy prosit peter keep the good work going 😊","2017-03-18T10:46:52+0000","0","0",""
"293834040785050_705322596302857/705322596302857_705330942968689","330","118","1","705322596302857_705330942968689","data","data.*","fetched (200)","2021-08-08 13:35:54.872701","Facebook:/<post-id>/comments","nixtieq nigi ghandkom il bnazzi","2017-03-18T10:46:57+0000","0","0",""
"293834040785050_705322596302857/293834040785050_705322596302857","331","118","1","293834040785050_705322596302857","offcut","","fetched (200)","2021-08-08 13:35:54.872701","Facebook:/<post-id>/comments","","","","",""
"293834040785050_669612589873858","119","None","0","293834040785050_669612589873858","seed","","","None","None","","","","",""
"293834040785050_669612589873858/669612589873858_669617389873378","332","119","1","669612589873858_669617389873378","data","data.*","fetched (200)","2021-08-08 13:35:55.230721","Facebook:/<post-id>/comments","Awguri","2017-01-07T21:26:09+0000","1","0",""
"293834040785050_669612589873858/669612589873858_669796469855470","333","119","1","669612589873858_669796469855470","data","data.*","fetched (200)","2021-08-08 13:35:55.230721","Facebook:/<post-id>/comments","Awguri ghall izjed snin.😊","2017-01-08T07:20:26+0000","1","0",""
"293834040785050_669612589873858/669612589873858_669958686505915","334","119","1","669612589873858_669958686505915","data","data.*","fetched (200)","2021-08-08 13:35:55.230721","Facebook:/<post-id>/comments","awguri","2017-01-08T14:45:27+0000","1","0",""
"293834040785050_669612589873858/669612589873858_669998969835220","335","119","1","669612589873858_669998969835220","data","data.*","fetched (200)","2021-08-08 13:35:55.230721","Facebook:/<post-id>/comments","Awguri","2017-01-08T16:52:08+0000","1","0",""
"293834040785050_669612589873858/669612589873858_684170288418088","336","119","1","669612589873858_684170288418088","data","data.*","fetched (200)","2021-08-08 13:35:55.230721","Facebook:/<post-id>/comments","Awguri","2017-02-04T19:04:47+0000","0","0",""
"293834040785050_669612589873858/669612589873858_705328586302258","337","119","1","669612589873858_705328586302258","data","data.*","fetched (200)","2021-08-08 13:35:55.230721","Facebook:/<post-id>/comments","Awguri dejjem!!","2017-03-18T10:38:47+0000","0","0",""
"293834040785050_669612589873858/293834040785050_669612589873858","338","119","1","293834040785050_669612589873858","offcut","","fetched (200)","2021-08-08 13:35:55.230721","Facebook:/<post-id>/comments","","","","",""
"293834040785050_662846577217126","120","None","0","293834040785050_662846577217126","seed","","","None","None","","","","",""
"293834040785050_662846577217126/662846577217126_662847007217083","339","120","1","662846577217126_662847007217083","data","data.*","fetched (200)","2021-08-08 13:35:55.649570","Facebook:/<post-id>/comments","u too","2016-12-25T09:04:49+0000","1","0",""
"293834040785050_662846577217126/662846577217126_662847607217023","340","120","1","662846577217126_662847607217023","data","data.*","fetched (200)","2021-08-08 13:35:55.649570","Facebook:/<post-id>/comments","Same to you all🌲🎅","2016-12-25T09:06:53+0000","1","0",""
"293834040785050_662846577217126/662846577217126_662849617216822","341","120","1","662846577217126_662849617216822","data","data.*","fetched (200)","2021-08-08 13:35:55.649570","Facebook:/<post-id>/comments","Same to you all","2016-12-25T09:14:03+0000","1","0",""
"293834040785050_662846577217126/662846577217126_662851960549921","342","120","1","662846577217126_662851960549921","data","data.*","fetched (200)","2021-08-08 13:35:55.649570","Facebook:/<post-id>/comments","Same to you all","2016-12-25T09:19:52+0000","1","0",""
"293834040785050_662846577217126/662846577217126_662852370549880","343","120","1","662846577217126_662852370549880","data","data.*","fetched (200)","2021-08-08 13:35:55.649570","Facebook:/<post-id>/comments","same to u all.m","2016-12-25T09:22:11+0000","1","0",""
"293834040785050_662846577217126/662846577217126_662852577216526","344","120","1","662846577217126_662852577216526","data","data.*","fetched (200)","2021-08-08 13:35:55.649570","Facebook:/<post-id>/comments","Happy Christmas to all of you! :)","2016-12-25T09:22:59+0000","1","0",""
"293834040785050_662846577217126/662846577217126_662861037215680","345","120","1","662846577217126_662861037215680","data","data.*","fetched (200)","2021-08-08 13:35:55.649570","Facebook:/<post-id>/comments","Happy Christmas to all of you!!","2016-12-25T10:02:21+0000","1","0",""
"293834040785050_662846577217126/662846577217126_662861753882275","346","120","1","662846577217126_662861753882275","data","data.*","fetched (200)","2021-08-08 13:35:55.649570","Facebook:/<post-id>/comments","Happy Christmas and happy new year to all your staff and your family's","2016-12-25T10:04:29+0000","1","0",""
"293834040785050_662846577217126/662846577217126_662870293881421","347","120","1","662846577217126_662870293881421","data","data.*","fetched (200)","2021-08-08 13:35:55.649570","Facebook:/<post-id>/comments","Merry Christmas to all of you at Peristyles'","2016-12-25T10:20:26+0000","1","0",""
"293834040785050_662846577217126/662846577217126_662903280544789","348","120","1","662846577217126_662903280544789","data","data.*","fetched (200)","2021-08-08 13:35:55.649570","Facebook:/<post-id>/comments","Same to you all.","2016-12-25T11:46:52+0000","0","0",""
"293834040785050_662846577217126/662846577217126_662936800541437","349","120","1","662846577217126_662936800541437","data","data.*","fetched (200)","2021-08-08 13:35:55.649570","Facebook:/<post-id>/comments","Same to you all 🎄🎅🎄","2016-12-25T13:44:00+0000","2","0",""
"293834040785050_662846577217126/662846577217126_663000153868435","350","120","1","662846577217126_663000153868435","data","data.*","fetched (200)","2021-08-08 13:35:55.649570","Facebook:/<post-id>/comments","Same to you all","2016-12-25T16:01:28+0000","1","0",""
"293834040785050_662846577217126/662846577217126_663121317189652","351","120","1","662846577217126_663121317189652","data","data.*","fetched (200)","2021-08-08 13:35:55.649570","Facebook:/<post-id>/comments","Same to you all ☺","2016-12-25T20:34:56+0000","0","0",""
"293834040785050_662846577217126/293834040785050_662846577217126","352","120","1","293834040785050_662846577217126","offcut","","fetched (200)","2021-08-08 13:35:55.649570","Facebook:/<post-id>/comments","","","","",""
"293834040785050_600954336739684","121","None","0","293834040785050_600954336739684","seed","","","None","None","","","","",""
"293834040785050_600954336739684/293834040785050_600954336739684","353","121","1","293834040785050_600954336739684","empty","","fetched (200)","2021-08-08 13:35:56.411481","Facebook:/<post-id>/comments","","","","",""
"293834040785050_519200311581754","122","None","0","293834040785050_519200311581754","seed","","","None","None","","","","",""
"293834040785050_519200311581754/519200311581754_519212594913859","354","122","1","519200311581754_519212594913859","data","data.*","fetched (200)","2021-08-08 13:35:56.599965","Facebook:/<post-id>/comments","Yummy very nice","2016-02-17T09:44:42+0000","0","0",""
"293834040785050_519200311581754/519200311581754_519242924910826","355","122","1","519200311581754_519242924910826","data","data.*","fetched (200)","2021-08-08 13:35:56.599965","Facebook:/<post-id>/comments","They taste really good. I tried them and was very satisfied in presentation and in taste. Worth trying them.","2016-02-17T12:26:09+0000","0","0",""
"293834040785050_519200311581754/519200311581754_519247788243673","356","122","1","519200311581754_519247788243673","data","data.*","fetched (200)","2021-08-08 13:35:56.599965","Facebook:/<post-id>/comments","The best👍👍","2016-02-17T12:46:19+0000","0","0",""
"293834040785050_519200311581754/519200311581754_519248471576938","357","122","1","519200311581754_519248471576938","data","data.*","fetched (200)","2021-08-08 13:35:56.599965","Facebook:/<post-id>/comments","SUPER YUMMY","2016-02-17T12:49:45+0000","1","0",""
"293834040785050_519200311581754/519200311581754_519252831576502","358","122","1","519200311581754_519252831576502","data","data.*","fetched (200)","2021-08-08 13:35:56.599965","Facebook:/<post-id>/comments","Mmmmm i like themmmm sooooooo 👌👌👌👌👌👌👌","2016-02-17T13:07:53+0000","0","0",""
"293834040785050_519200311581754/519200311581754_519257021576083","359","122","1","519200311581754_519257021576083","data","data.*","fetched (200)","2021-08-08 13:35:56.599965","Facebook:/<post-id>/comments","The Best","2016-02-17T13:20:43+0000","0","0",""
"293834040785050_519200311581754/519200311581754_519271164908002","360","122","1","519200311581754_519271164908002","data","data.*","fetched (200)","2021-08-08 13:35:56.599965","Facebook:/<post-id>/comments","Mmmm... Would love them!","2016-02-17T14:19:50+0000","0","1",""
"293834040785050_519200311581754/519200311581754_519284831573302","361","122","1","519200311581754_519284831573302","data","data.*","fetched (200)","2021-08-08 13:35:56.599965","Facebook:/<post-id>/comments","Josette they are truly the best. Not salty and not greasy","2016-02-17T14:43:35+0000","1","0",""
"293834040785050_519200311581754/519200311581754_519286688239783","362","122","1","519200311581754_519286688239783","data","data.*","fetched (200)","2021-08-08 13:35:56.599965","Facebook:/<post-id>/comments","They look yummy!","2016-02-17T14:50:45+0000","0","0",""
"293834040785050_519200311581754/519200311581754_519323078236144","363","122","1","519200311581754_519323078236144","data","data.*","fetched (200)","2021-08-08 13:35:56.599965","Facebook:/<post-id>/comments","The best cheesecakes I ever ate its true my friend","2016-02-17T17:01:58+0000","0","0",""
"293834040785050_519200311581754/519200311581754_519326934902425","364","122","1","519200311581754_519326934902425","data","data.*","fetched (200)","2021-08-08 13:35:56.599965","Facebook:/<post-id>/comments","Yummy","2016-02-17T17:11:38+0000","0","0",""
"293834040785050_519200311581754/519200311581754_519361778232274","365","122","1","519200311581754_519361778232274","data","data.*","fetched (200)","2021-08-08 13:35:56.599965","Facebook:/<post-id>/comments","D best....miss them...hope to be able to visit soon","2016-02-17T19:19:25+0000","0","0",""
"293834040785050_519200311581754/519200311581754_519375484897570","366","122","1","519200311581754_519375484897570","data","data.*","fetched (200)","2021-08-08 13:35:56.599965","Facebook:/<post-id>/comments","Cant wait for sundays","2016-02-17T20:13:07+0000","0","0",""
"293834040785050_519200311581754/519200311581754_519381581563627","367","122","1","519200311581754_519381581563627","data","data.*","fetched (200)","2021-08-08 13:35:56.599965","Facebook:/<post-id>/comments","Like some","2016-02-17T20:45:52+0000","0","0",""
"293834040785050_519200311581754/519200311581754_519406658227786","368","122","1","519200311581754_519406658227786","data","data.*","fetched (200)","2021-08-08 13:35:56.599965","Facebook:/<post-id>/comments","Jien ma norqoc minajrom dejjem ekolli fil frezer ghal li jista jinqala ax vera tajbien proset","2016-02-17T22:25:03+0000","0","0",""
"293834040785050_519200311581754/519200311581754_519444348224017","369","122","1","519200311581754_519444348224017","data","data.*","fetched (200)","2021-08-08 13:35:56.599965","Facebook:/<post-id>/comments","The place for good food and the best pastry.","2016-02-18T01:07:48+0000","0","0",""
"293834040785050_519200311581754/519200311581754_519459488222503","370","122","1","519200311581754_519459488222503","data","data.*","fetched (200)","2021-08-08 13:35:56.599965","Facebook:/<post-id>/comments","Very good","2016-02-18T02:13:40+0000","0","0",""
"293834040785050_519200311581754/519200311581754_519532644881854","371","122","1","519200311581754_519532644881854","data","data.*","fetched (200)","2021-08-08 13:35:56.599965","Facebook:/<post-id>/comments","They are really goooooood Peter Mifsud !","2016-02-18T08:31:13+0000","0","1",""
"293834040785050_519200311581754/519200311581754_519532928215159","372","122","1","519200311581754_519532928215159","data","data.*","fetched (200)","2021-08-08 13:35:56.599965","Facebook:/<post-id>/comments","it really good and tasty no collesterol","2016-02-18T08:33:34+0000","0","0",""
"293834040785050_519200311581754/519200311581754_519536191548166","373","122","1","519200311581754_519536191548166","data","data.*","fetched (200)","2021-08-08 13:35:56.599965","Facebook:/<post-id>/comments","Ajma hej. Jidruh tajbin.","2016-02-18T08:52:17+0000","0","0",""
"293834040785050_519200311581754/519200311581754_530628470438938","374","122","1","519200311581754_530628470438938","data","data.*","fetched (200)","2021-08-08 13:35:56.599965","Facebook:/<post-id>/comments","Simply delicious !!","2016-03-18T19:30:23+0000","0","0",""
"293834040785050_519200311581754/519200311581754_535590913276027","375","122","1","519200311581754_535590913276027","data","data.*","fetched (200)","2021-08-08 13:35:56.599965","Facebook:/<post-id>/comments","Just been there for the first time  today, Easter Sunday,  for lunch. Marvellous x 1000 times. Highly recommended.","2016-03-27T16:50:30+0000","0","1",""
"293834040785050_519200311581754/519200311581754_535625623272556","376","122","1","519200311581754_535625623272556","data","data.*","fetched (200)","2021-08-08 13:35:56.599965","Facebook:/<post-id>/comments","Thanks for your nice comments on our restaurant 👍🏻","2016-03-27T18:06:37+0000","0","0",""
"293834040785050_519200311581754/519200311581754_536307289871056","377","122","1","519200311581754_536307289871056","data","data.*","fetched (200)","2021-08-08 13:35:56.599965","Facebook:/<post-id>/comments","Mmmmmm making me hungry xx","2016-03-28T18:52:06+0000","0","0",""
"293834040785050_519200311581754/519200311581754_793573490811100","378","122","1","519200311581754_793573490811100","data","data.*","fetched (200)","2021-08-08 13:35:56.599965","Facebook:/<post-id>/comments","Very good atmosphere,friendly and gourges food,especially the cheese cakes.","2017-08-26T11:00:50+0000","0","0",""
"293834040785050_519200311581754/293834040785050_519200311581754","379","122","1","293834040785050_519200311581754","offcut","","fetched (200)","2021-08-08 13:35:56.599965","Facebook:/<post-id>/comments","","","","",""
"293834040785050_510065039161948","123","None","0","293834040785050_510065039161948","seed","","","None","None","","","","",""
"293834040785050_510065039161948/293834040785050_510065039161948","380","123","1","293834040785050_510065039161948","empty","","fetched (200)","2021-08-08 13:35:57.173391","Facebook:/<post-id>/comments","","","","",""
"293834040785050_509700145865104","124","None","0","293834040785050_509700145865104","seed","","","None","None","","","","",""
"293834040785050_509700145865104/293834040785050_509700145865104","381","124","1","293834040785050_509700145865104","empty","","fetched (200)","2021-08-08 13:35:57.367858","Facebook:/<post-id>/comments","","","","",""
"293834040785050_486691401499312","125","None","0","293834040785050_486691401499312","seed","","","None","None","","","","",""
"293834040785050_486691401499312/486691401499312_486721274829658","382","125","1","486691401499312_486721274829658","data","data.*","fetched (200)","2021-08-08 13:35:57.873470","Facebook:/<post-id>/comments","Well done.....  Very nice......","2015-11-15T12:53:44+0000","1","0",""
"293834040785050_486691401499312/486691401499312_486725714829214","383","125","1","486691401499312_486725714829214","data","data.*","fetched (200)","2021-08-08 13:35:57.873470","Facebook:/<post-id>/comments","Proset, kemm kien hsieb sabih.","2015-11-15T13:17:18+0000","0","0",""
"293834040785050_486691401499312/486691401499312_486817648153354","384","125","1","486691401499312_486817648153354","data","data.*","fetched (200)","2021-08-08 13:35:57.873470","Facebook:/<post-id>/comments","Proset mark hafna","2015-11-15T19:03:57+0000","0","0",""
"293834040785050_486691401499312/486691401499312_486833814818404","385","125","1","486691401499312_486833814818404","data","data.*","fetched (200)","2021-08-08 13:35:57.873470","Facebook:/<post-id>/comments","Very nice","2015-11-15T19:49:42+0000","0","0",""
"293834040785050_486691401499312/486691401499312_486840464817739","386","125","1","486691401499312_486840464817739","data","data.*","fetched (200)","2021-08-08 13:35:57.873470","Facebook:/<post-id>/comments","Prosit and well done","2015-11-15T20:15:32+0000","0","0",""
"293834040785050_486691401499312/486691401499312_486863968148722","387","125","1","486691401499312_486863968148722","data","data.*","fetched (200)","2021-08-08 13:35:57.873470","Facebook:/<post-id>/comments","And delicious too","2015-11-15T23:09:17+0000","1","0",""
"293834040785050_486691401499312/293834040785050_486691401499312","388","125","1","293834040785050_486691401499312","offcut","","fetched (200)","2021-08-08 13:35:57.873470","Facebook:/<post-id>/comments","","","","",""
"293834040785050_486688838166235","126","None","0","293834040785050_486688838166235","seed","","","None","None","","","","",""
"293834040785050_486688838166235/293834040785050_486688838166235","389","126","1","293834040785050_486688838166235","empty","","fetched (200)","2021-08-08 13:35:58.187610","Facebook:/<post-id>/comments","","","","",""
"293834040785050_473489099486209","127","None","0","293834040785050_473489099486209","seed","","","None","None","","","","",""
"293834040785050_473489099486209/293834040785050_473489099486209","390","127","1","293834040785050_473489099486209","empty","","fetched (200)","2021-08-08 13:35:58.390054","Facebook:/<post-id>/comments","","","","",""
"293834040785050_471839416317844","128","None","0","293834040785050_471839416317844","seed","","","None","None","","","","",""
"293834040785050_471839416317844/471839416317844_471881052980347","391","128","1","471839416317844_471881052980347","data","data.*","fetched (200)","2021-08-08 13:35:58.688236","Facebook:/<post-id>/comments","Looks great Mark!","2015-09-18T23:44:22+0000","0","0",""
"293834040785050_471839416317844/471839416317844_471946052973847","392","128","1","471839416317844_471946052973847","data","data.*","fetched (200)","2021-08-08 13:35:58.688236","Facebook:/<post-id>/comments","Thanks Melanie","2015-09-19T06:05:39+0000","1","0",""
"293834040785050_471839416317844/293834040785050_471839416317844","393","128","1","293834040785050_471839416317844","offcut","","fetched (200)","2021-08-08 13:35:58.688236","Facebook:/<post-id>/comments","","","","",""
"293834040785050_470055129829606","129","None","0","293834040785050_470055129829606","seed","","","None","None","","","","",""
"293834040785050_470055129829606/470055129829606_470114959823623","394","129","1","470055129829606_470114959823623","data","data.*","fetched (200)","2021-08-08 13:35:59.131021","Facebook:/<post-id>/comments","Ir-restuarant fejn tista tqatta hin f'ambjent familjari kif ukoll joffri kwalita kbira ta' ikel bmin. Nirrikmandah.","2015-09-13T13:01:23+0000","1","0",""
"293834040785050_470055129829606/293834040785050_470055129829606","395","129","1","293834040785050_470055129829606","offcut","","fetched (200)","2021-08-08 13:35:59.131021","Facebook:/<post-id>/comments","","","","",""
"293834040785050_469643319870787","130","None","0","293834040785050_469643319870787","seed","","","None","None","","","","",""
"293834040785050_469643319870787/293834040785050_469643319870787","396","130","1","293834040785050_469643319870787","empty","","fetched (200)","2021-08-08 13:35:59.478071","Facebook:/<post-id>/comments","","","","",""
"293834040785050_469503169884802","131","None","0","293834040785050_469503169884802","seed","","","None","None","","","","",""
"293834040785050_469503169884802/293834040785050_469503169884802","397","131","1","293834040785050_469503169884802","empty","","fetched (200)","2021-08-08 13:35:59.786225","Facebook:/<post-id>/comments","","","","",""
"293834040785050_469502479884871","132","None","0","293834040785050_469502479884871","seed","","","None","None","","","","",""
"293834040785050_469502479884871/293834040785050_469502479884871","398","132","1","293834040785050_469502479884871","empty","","fetched (200)","2021-08-08 13:36:00.086402","Facebook:/<post-id>/comments","","","","",""
"293834040785050_444817685686684","133","None","0","293834040785050_444817685686684","seed","","","None","None","","","","",""
"293834040785050_444817685686684/293834040785050_444817685686684","399","133","1","293834040785050_444817685686684","empty","","fetched (200)","2021-08-08 13:36:00.461450","Facebook:/<post-id>/comments","","","","",""
"293834040785050_419575541544232","134","None","0","293834040785050_419575541544232","seed","","","None","None","","","","",""
"293834040785050_419575541544232/293834040785050_419575541544232","400","134","1","293834040785050_419575541544232","empty","","fetched (200)","2021-08-08 13:36:01.055819","Facebook:/<post-id>/comments","","","","",""
"293834040785050_414076072094179","135","None","0","293834040785050_414076072094179","seed","","","None","None","","","","",""
"293834040785050_414076072094179/414076072094179_414132265421893","401","135","1","414076072094179_414132265421893","data","data.*","fetched (200)","2021-08-08 13:36:01.302144","Facebook:/<post-id>/comments","Sajda ta vera Peter","2015-04-12T08:58:30+0000","0","0",""
"293834040785050_414076072094179/293834040785050_414076072094179","402","135","1","293834040785050_414076072094179","offcut","","fetched (200)","2021-08-08 13:36:01.302144","Facebook:/<post-id>/comments","","","","",""
"293834040785050_410762779092175","136","None","0","293834040785050_410762779092175","seed","","","None","None","","","","",""
"293834040785050_410762779092175/410762779092175_410849732416813","403","136","1","410762779092175_410849732416813","data","data.*","fetched (200)","2021-08-08 13:36:01.730967","Facebook:/<post-id>/comments","Kemm ilna ma nigu...we miss  you and your v good food...wish you all Easter blessings","2015-04-05T15:03:23+0000","0","0",""
"293834040785050_410762779092175/293834040785050_410762779092175","404","136","1","293834040785050_410762779092175","offcut","","fetched (200)","2021-08-08 13:36:01.730967","Facebook:/<post-id>/comments","","","","",""
"293834040785050_409026389265814","137","None","0","293834040785050_409026389265814","seed","","","None","None","","","","",""
"293834040785050_409026389265814/293834040785050_409026389265814","405","137","1","293834040785050_409026389265814","empty","","fetched (200)","2021-08-08 13:36:02.020187","Facebook:/<post-id>/comments","","","","",""
"293834040785050_401916339976819","138","None","0","293834040785050_401916339976819","seed","","","None","None","","","","",""
"293834040785050_401916339976819/293834040785050_401916339976819","406","138","1","293834040785050_401916339976819","empty","","fetched (200)","2021-08-08 13:36:02.360241","Facebook:/<post-id>/comments","","","","",""
"293834040785050_399491766885943","139","None","0","293834040785050_399491766885943","seed","","","None","None","","","","",""
"293834040785050_399491766885943/399491766885943_399608670207586","407","139","1","399491766885943_399608670207586","data","data.*","fetched (200)","2021-08-08 13:36:02.786116","Facebook:/<post-id>/comments","Very Yummy......","2015-03-09T09:12:37+0000","0","0",""
"293834040785050_399491766885943/399491766885943_399687613533025","408","139","1","399491766885943_399687613533025","data","data.*","fetched (200)","2021-08-08 13:36:02.786116","Facebook:/<post-id>/comments","Hemm xi tnejn zejda jew!!","2015-03-09T14:09:37+0000","0","0",""
"293834040785050_399491766885943/399491766885943_399715960196857","409","139","1","399491766885943_399715960196857","data","data.*","fetched (200)","2021-08-08 13:36:02.786116","Facebook:/<post-id>/comments","I miss it .look yummy","2015-03-09T15:49:25+0000","0","0",""
"293834040785050_399491766885943/399491766885943_399975416837578","410","139","1","399491766885943_399975416837578","data","data.*","fetched (200)","2021-08-08 13:36:02.786116","Facebook:/<post-id>/comments","qasatat mimlijin b'tahlita tat tigig b' toma tajba hafna","2015-03-10T07:19:10+0000","0","0",""
"293834040785050_399491766885943/399491766885943_399977046837415","411","139","1","399491766885943_399977046837415","data","data.*","fetched (200)","2021-08-08 13:36:02.786116","Facebook:/<post-id>/comments","Rahwa, those are made by my daughter and group at the restaurant.","2015-03-10T07:26:15+0000","0","0",""
"293834040785050_399491766885943/399491766885943_399999486835171","412","139","1","399491766885943_399999486835171","data","data.*","fetched (200)","2021-08-08 13:36:02.786116","Facebook:/<post-id>/comments","Looks great","2015-03-10T09:20:50+0000","0","0",""
"293834040785050_399491766885943/399491766885943_401152640053189","413","139","1","399491766885943_401152640053189","data","data.*","fetched (200)","2021-08-08 13:36:02.786116","Facebook:/<post-id>/comments","I'm  sure they're excellent...can't  wait to try them..proset Mark and Sarah","2015-03-12T23:18:34+0000","0","0",""
"293834040785050_399491766885943/293834040785050_399491766885943","414","139","1","293834040785050_399491766885943","offcut","","fetched (200)","2021-08-08 13:36:02.786116","Facebook:/<post-id>/comments","","","","",""
"293834040785050_395800777255042","140","None","0","293834040785050_395800777255042","seed","","","None","None","","","","",""
"293834040785050_395800777255042/395800777255042_395984750569978","415","140","1","395800777255042_395984750569978","data","data.*","fetched (200)","2021-08-08 13:36:03.045362","Facebook:/<post-id>/comments","Din il-gimgha nigi ghalihom.....","2015-02-28T20:57:44+0000","0","0",""
"293834040785050_395800777255042/395800777255042_396197530548700","416","140","1","395800777255042_396197530548700","data","data.*","fetched (200)","2021-08-08 13:36:03.045362","Facebook:/<post-id>/comments","Fil festa nitla ghalihom","2015-03-01T11:20:40+0000","0","0",""
"293834040785050_395800777255042/293834040785050_395800777255042","417","140","1","293834040785050_395800777255042","offcut","","fetched (200)","2021-08-08 13:36:03.045362","Facebook:/<post-id>/comments","","","","",""
"293834040785050_394905864011200","141","None","0","293834040785050_394905864011200","seed","","","None","None","","","","",""
"293834040785050_394905864011200/293834040785050_394905864011200","418","141","1","293834040785050_394905864011200","empty","","fetched (200)","2021-08-08 13:36:03.428311","Facebook:/<post-id>/comments","","","","",""
"293834040785050_394888864012900","142","None","0","293834040785050_394888864012900","seed","","","None","None","","","","",""
"293834040785050_394888864012900/293834040785050_394888864012900","419","142","1","293834040785050_394888864012900","empty","","fetched (200)","2021-08-08 13:36:03.780390","Facebook:/<post-id>/comments","","","","",""
"293834040785050_374845639350556","143","None","0","293834040785050_374845639350556","seed","","","None","None","","","","",""
"293834040785050_374845639350556/374844049350715_374897242678729","420","143","1","374844049350715_374897242678729","data","data.*","fetched (200)","2021-08-08 13:36:04.132380","Facebook:/<post-id>/comments","Where is the recipe Claire","2015-01-07T19:06:37+0000","0","0",""
"293834040785050_374845639350556/374844049350715_374900669345053","421","143","1","374844049350715_374900669345053","data","data.*","fetched (200)","2021-08-08 13:36:04.132380","Facebook:/<post-id>/comments","Mmm.ghadha tamillhom il mummy?kemm konna nigu l istazjon ghalijhom","2015-01-07T19:22:32+0000","1","0",""
"293834040785050_374845639350556/374844049350715_374933189341801","422","143","1","374844049350715_374933189341801","data","data.*","fetched (200)","2021-08-08 13:36:04.132380","Facebook:/<post-id>/comments","Unique!","2015-01-07T21:29:48+0000","0","0",""
"293834040785050_374845639350556/374844049350715_395984947236625","423","143","1","374844049350715_395984947236625","data","data.*","fetched (200)","2021-08-08 13:36:04.132380","Facebook:/<post-id>/comments","Vera tajbin u proset. Xtrajt l-iffrizati u hmejthom. Intghogbu minn kulhadd.","2015-02-28T20:58:38+0000","0","0",""
"293834040785050_374845639350556/374844049350715_1411711215663988","424","143","1","374844049350715_1411711215663988","data","data.*","fetched (200)","2021-08-08 13:36:04.132380","Facebook:/<post-id>/comments","","2020-01-30T16:25:27+0000","0","0",""
"293834040785050_374845639350556/293834040785050_374845639350556","425","143","1","293834040785050_374845639350556","offcut","","fetched (200)","2021-08-08 13:36:04.132380","Facebook:/<post-id>/comments","","","","",""
"293834040785050_371067786395008","144","None","0","293834040785050_371067786395008","seed","","","None","None","","","","",""
"293834040785050_371067786395008/371067306395056_371082029726917","426","144","1","371067306395056_371082029726917","data","data.*","fetched (200)","2021-08-08 13:36:04.587133","Facebook:/<post-id>/comments","Soon.....very soon","2014-12-29T19:45:56+0000","0","0",""
"293834040785050_371067786395008/293834040785050_371067786395008","427","144","1","293834040785050_371067786395008","offcut","","fetched (200)","2021-08-08 13:36:04.587133","Facebook:/<post-id>/comments","","","","",""
"293834040785050_370893369745783","145","None","0","293834040785050_370893369745783","seed","","","None","None","","","","",""
"293834040785050_370893369745783/293834040785050_370893369745783","428","145","1","293834040785050_370893369745783","empty","","fetched (200)","2021-08-08 13:36:04.872350","Facebook:/<post-id>/comments","","","","",""
"293834040785050_369969726504814","146","None","0","293834040785050_369969726504814","seed","","","None","None","","","","",""
"293834040785050_369969726504814/293834040785050_369969726504814","429","146","1","293834040785050_369969726504814","empty","","fetched (200)","2021-08-08 13:36:05.206435","Facebook:/<post-id>/comments","","","","",""
"293834040785050_369969423171511","147","None","0","293834040785050_369969423171511","seed","","","None","None","","","","",""
"293834040785050_369969423171511/293834040785050_369969423171511","430","147","1","293834040785050_369969423171511","empty","","fetched (200)","2021-08-08 13:36:05.558470","Facebook:/<post-id>/comments","","","","",""
"293834040785050_369249056576881","148","None","0","293834040785050_369249056576881","seed","","","None","None","","","","",""
"293834040785050_369249056576881/369249056576881_369642933204160","431","148","1","369249056576881_369642933204160","data","data.*","fetched (200)","2021-08-08 13:36:05.973332","Facebook:/<post-id>/comments","hemm bzonn li il karozzi tal klijenti li jitilghou irRABAT insiboulhom fejn JIPPARKJAW GRAZZI","2014-12-27T06:50:42+0000","0","0",""
"293834040785050_369249056576881/293834040785050_369249056576881","432","148","1","293834040785050_369249056576881","offcut","","fetched (200)","2021-08-08 13:36:05.973332","Facebook:/<post-id>/comments","","","","",""
"293834040785050_369243689910751","149","None","0","293834040785050_369243689910751","seed","","","None","None","","","","",""
"293834040785050_369243689910751/293834040785050_369243689910751","433","149","1","293834040785050_369243689910751","empty","","fetched (200)","2021-08-08 13:36:06.261541","Facebook:/<post-id>/comments","","","","",""
"293834040785050_368657393302714","150","None","0","293834040785050_368657393302714","seed","","","None","None","","","","",""
"293834040785050_368657393302714/293834040785050_368657393302714","434","150","1","293834040785050_368657393302714","empty","","fetched (200)","2021-08-08 13:36:06.993532","Facebook:/<post-id>/comments","","","","",""
"293834040785050_368437169991403","151","None","0","293834040785050_368437169991403","seed","","","None","None","","","","",""
"293834040785050_368437169991403/293834040785050_368437169991403","435","151","1","293834040785050_368437169991403","empty","","fetched (200)","2021-08-08 13:36:07.230882","Facebook:/<post-id>/comments","","","","",""
"293834040785050_368271176674669","152","None","0","293834040785050_368271176674669","seed","","","None","None","","","","",""
"293834040785050_368271176674669/293834040785050_368271176674669","436","152","1","293834040785050_368271176674669","empty","","fetched (200)","2021-08-08 13:36:07.584921","Facebook:/<post-id>/comments","","","","",""
"293834040785050_367233226778464","153","None","0","293834040785050_367233226778464","seed","","","None","None","","","","",""
"293834040785050_367233226778464/367233093445144_387732728061847","437","153","1","367233093445144_387732728061847","data","data.*","fetched (200)","2021-08-08 13:36:07.941932","Facebook:/<post-id>/comments","Does it include chips & salad pls? Can you tell me the price pls? 10q ... I really enjoy your half chicken ♡","2015-02-07T15:34:10+0000","0","0",""
"293834040785050_367233226778464/293834040785050_367233226778464","438","153","1","293834040785050_367233226778464","offcut","","fetched (200)","2021-08-08 13:36:07.941932","Facebook:/<post-id>/comments","","","","",""
"293834040785050_367233013445152","154","None","0","293834040785050_367233013445152","seed","","","None","None","","","","",""
"293834040785050_367233013445152/293834040785050_367233013445152","439","154","1","293834040785050_367233013445152","empty","","fetched (200)","2021-08-08 13:36:08.300948","Facebook:/<post-id>/comments","","","","",""
"293834040785050_362338013934652","155","None","0","293834040785050_362338013934652","seed","","","None","None","","","","",""
"293834040785050_362338013934652/293834040785050_362338013934652","440","155","1","293834040785050_362338013934652","empty","","fetched (200)","2021-08-08 13:36:08.646998","Facebook:/<post-id>/comments","","","","",""
"293834040785050_353773151457805","156","None","0","293834040785050_353773151457805","seed","","","None","None","","","","",""
"293834040785050_353773151457805/293834040785050_353773151457805","441","156","1","293834040785050_353773151457805","empty","","fetched (200)","2021-08-08 13:36:08.945180","Facebook:/<post-id>/comments","","","","",""
"293834040785050_329988360502951","157","None","0","293834040785050_329988360502951","seed","","","None","None","","","","",""
"293834040785050_329988360502951/329988360502951_330007917167662","442","157","1","329988360502951_330007917167662","data","data.*","fetched (200)","2021-08-08 13:36:09.397947","Facebook:/<post-id>/comments","Jien gejja ta","2014-09-16T15:38:14+0000","0","0",""
"293834040785050_329988360502951/329988360502951_330016090500178","443","157","1","329988360502951_330016090500178","data","data.*","fetched (200)","2021-08-08 13:36:09.397947","Facebook:/<post-id>/comments","Vera tajba ta mark:)","2014-09-16T16:27:55+0000","0","0",""
"293834040785050_329988360502951/329988360502951_330023803832740","444","157","1","329988360502951_330023803832740","data","data.*","fetched (200)","2021-08-08 13:36:09.397947","Facebook:/<post-id>/comments","welcome pet......","2014-09-16T17:20:57+0000","0","0",""
"293834040785050_329988360502951/293834040785050_329988360502951","445","157","1","293834040785050_329988360502951","offcut","","fetched (200)","2021-08-08 13:36:09.397947","Facebook:/<post-id>/comments","","","","",""
"293834040785050_315703295264791","158","None","0","293834040785050_315703295264791","seed","","","None","None","","","","",""
"293834040785050_315703295264791/293834040785050_315703295264791","446","158","1","293834040785050_315703295264791","empty","","fetched (200)","2021-08-08 13:36:09.790915","Facebook:/<post-id>/comments","","","","",""
"293834040785050_315084258660028","159","None","0","293834040785050_315084258660028","seed","","","None","None","","","","",""
"293834040785050_315084258660028/315084211993366_315351338633320","447","159","1","315084211993366_315351338633320","data","data.*","fetched (200)","2021-08-08 13:36:10.121953","Facebook:/<post-id>/comments","WELL DAN MARKSARA","2014-08-21T05:23:29+0000","0","0",""
"293834040785050_315084258660028/293834040785050_315084258660028","448","159","1","293834040785050_315084258660028","offcut","","fetched (200)","2021-08-08 13:36:10.121953","Facebook:/<post-id>/comments","","","","",""
"293834040785050_309308582570929","160","None","0","293834040785050_309308582570929","seed","","","None","None","","","","",""
"293834040785050_309308582570929/309308545904266_309311082570679","449","160","1","309308545904266_309311082570679","data","data.*","fetched (200)","2021-08-08 13:36:10.511883","Facebook:/<post-id>/comments","tiftahlek laptit metta tarha ahseb metta tikolla","2014-08-03T15:40:47+0000","0","0",""
"293834040785050_309308582570929/293834040785050_309308582570929","450","160","1","293834040785050_309308582570929","offcut","","fetched (200)","2021-08-08 13:36:10.511883","Facebook:/<post-id>/comments","","","","",""
"293834040785050_309308192570968","161","None","0","293834040785050_309308192570968","seed","","","None","None","","","","",""
"293834040785050_309308192570968/293834040785050_309308192570968","451","161","1","293834040785050_309308192570968","empty","","fetched (200)","2021-08-08 13:36:10.903807","Facebook:/<post-id>/comments","","","","",""
"293834040785050_309307439237710","162","None","0","293834040785050_309307439237710","seed","","","None","None","","","","",""
"293834040785050_309307439237710/293834040785050_309307439237710","452","162","1","293834040785050_309307439237710","empty","","fetched (200)","2021-08-08 13:36:11.258864","Facebook:/<post-id>/comments","","","","",""
"293834040785050_309306955904425","163","None","0","293834040785050_309306955904425","seed","","","None","None","","","","",""
"293834040785050_309306955904425/309306882571099_309311302570657","453","163","1","309306882571099_309311302570657","data","data.*","fetched (200)","2021-08-08 13:36:11.950936","Facebook:/<post-id>/comments","iffavorita tieghaj","2014-08-03T15:41:57+0000","0","0",""
"293834040785050_309306955904425/309306882571099_373139262854527","454","163","1","309306882571099_373139262854527","data","data.*","fetched (200)","2021-08-08 13:36:11.950936","Facebook:/<post-id>/comments","veru ghandu pizza tajba hafn","2015-01-03T04:45:33+0000","0","0",""
"293834040785050_309306955904425/293834040785050_309306955904425","455","163","1","293834040785050_309306955904425","offcut","","fetched (200)","2021-08-08 13:36:11.950936","Facebook:/<post-id>/comments","","","","",""
"293834040785050_309306629237791","164","None","0","293834040785050_309306629237791","seed","","","None","None","","","","",""
"293834040785050_309306629237791/309306572571130_309307009237753","456","164","1","309306572571130_309307009237753","data","data.*","fetched (200)","2021-08-08 13:36:12.621098","Facebook:/<post-id>/comments","Yummy........","2014-08-03T15:22:32+0000","0","0",""
"293834040785050_309306629237791/293834040785050_309306629237791","457","164","1","293834040785050_309306629237791","offcut","","fetched (200)","2021-08-08 13:36:12.621098","Facebook:/<post-id>/comments","","","","",""
"293834040785050_309304915904629","165","None","0","293834040785050_309304915904629","seed","","","None","None","","","","",""
"293834040785050_309304915904629/309304732571314_309368855898235","458","165","1","309304732571314_309368855898235","data","data.*","fetched (200)","2021-08-08 13:36:14.233676","Facebook:/<post-id>/comments","THE BEST RABBIT","2014-08-03T20:37:34+0000","1","0",""
"293834040785050_309304915904629/309304732571314_361353467366440","459","165","1","309304732571314_361353467366440","data","data.*","fetched (200)","2021-08-08 13:36:14.233676","Facebook:/<post-id>/comments","Best pizza in Rabat. Dellizioza.","2014-12-10T17:52:33+0000","1","0",""
"293834040785050_309304915904629/293834040785050_309304915904629","460","165","1","293834040785050_309304915904629","offcut","","fetched (200)","2021-08-08 13:36:14.233676","Facebook:/<post-id>/comments","","","","",""
"293834040785050_296649043836883","166","None","0","293834040785050_296649043836883","seed","","","None","None","","","","",""
"293834040785050_296649043836883/293834040785050_296649043836883","461","166","1","293834040785050_296649043836883","empty","","fetched (200)","2021-08-08 13:36:14.512908","Facebook:/<post-id>/comments","","","","",""
"293834040785050_293873204114467","167","None","0","293834040785050_293873204114467","seed","","","None","None","","","","",""
"293834040785050_293873204114467/293873204114467_294824630685991","462","167","1","293873204114467_294824630685991","data","data.*","fetched (200)","2021-08-08 13:36:14.873919","Facebook:/<post-id>/comments","THANKS MR NAUDI.","2014-06-17T18:08:37+0000","0","0",""
"293834040785050_293873204114467/293834040785050_293873204114467","463","167","1","293834040785050_293873204114467","offcut","","fetched (200)","2021-08-08 13:36:14.873919","Facebook:/<post-id>/comments","","","","",""
"293834040785050_293872857447835","168","None","0","293834040785050_293872857447835","seed","","","None","None","","","","",""
"293834040785050_293872857447835/293872857447835_361353994033054","464","168","1","293872857447835_361353994033054","data","data.*","fetched (200)","2021-08-08 13:36:15.245898","Facebook:/<post-id>/comments","Very friendly owners and good staff.","2014-12-10T17:54:30+0000","0","0",""
"293834040785050_293872857447835/293872857447835_361360290699091","465","168","1","293872857447835_361360290699091","data","data.*","fetched (200)","2021-08-08 13:36:15.245898","Facebook:/<post-id>/comments","Thanks","2014-12-10T18:16:52+0000","0","0",""
"293834040785050_293872857447835/293834040785050_293872857447835","466","168","1","293834040785050_293872857447835","offcut","","fetched (200)","2021-08-08 13:36:15.245898","Facebook:/<post-id>/comments","","","","",""
"293834040785050_293850697450051","169","None","0","293834040785050_293850697450051","seed","","","None","None","","","","",""
"293834040785050_293850697450051/293850684116719_293985667436554","467","169","1","293850684116719_293985667436554","data","data.*","fetched (200)","2021-08-08 13:36:15.659764","Facebook:/<post-id>/comments","Keep it up !","2014-06-15T21:28:32+0000","0","0",""
"293834040785050_293850697450051/293850684116719_294225697412551","468","169","1","293850684116719_294225697412551","data","data.*","fetched (200)","2021-08-08 13:36:15.659764","Facebook:/<post-id>/comments","Thanks Paul  for your help.","2014-06-16T11:36:48+0000","1","0",""
"293834040785050_293850697450051/293850684116719_314015392100248","469","169","1","293850684116719_314015392100248","data","data.*","fetched (200)","2021-08-08 13:36:15.659764","Facebook:/<post-id>/comments","Semmejtek ma' xi hbieb tieghi u xtaqu jaraw il-menu. Tista' jekk joghgbok tibaghtuli halli nurihulhom? Grazzi u prosit tal-ikel tajjeb li sservu.","2014-08-17T12:43:18+0000","1","0",""
"293834040785050_293850697450051/293850684116719_314871215347999","470","169","1","293850684116719_314871215347999","data","data.*","fetched (200)","2021-08-08 13:36:15.659764","Facebook:/<post-id>/comments","Grazzi tal kumpliment li addejtilna . Fil gimghat li gejjin ha intellaw il menu fuq il face book ,=.","2014-08-19T17:10:58+0000","0","0",""
"293834040785050_293850697450051/293850684116719_874820362686412","471","169","1","293850684116719_874820362686412","data","data.*","fetched (200)","2021-08-08 13:36:15.659764","Facebook:/<post-id>/comments","A place you cannot miss.  Best in Rabat.","2018-02-15T11:14:41+0000","1","1",""
"293834040785050_293850697450051/293850684116719_874906679344447","472","169","1","293850684116719_874906679344447","data","data.*","fetched (200)","2021-08-08 13:36:15.659764","Facebook:/<post-id>/comments","Thanks","2018-02-15T14:39:07+0000","0","0",""
"293834040785050_293850697450051/293850684116719_874910812677367","473","169","1","293850684116719_874910812677367","data","data.*","fetched (200)","2021-08-08 13:36:15.659764","Facebook:/<post-id>/comments","home   made  food   from   sarah  and   mark    and  excelent  service     with  a  smile    its  my   favourite   restaurant","2018-02-15T14:50:30+0000","0","0",""
"293834040785050_293850697450051/293850684116719_874979209337194","474","169","1","293850684116719_874979209337194","data","data.*","fetched (200)","2021-08-08 13:36:15.659764","Facebook:/<post-id>/comments","One  of the best","2018-02-15T16:41:22+0000","0","0",""
"293834040785050_293850697450051/293850684116719_875245152643933","475","169","1","293850684116719_875245152643933","data","data.*","fetched (200)","2021-08-08 13:36:15.659764","Facebook:/<post-id>/comments","Rest tal Familja","2018-02-16T06:18:08+0000","0","0",""
"293834040785050_293850697450051/293850684116719_875372362631212","476","169","1","293850684116719_875372362631212","data","data.*","fetched (200)","2021-08-08 13:36:15.659764","Facebook:/<post-id>/comments","Very good restaurant keep it up","2018-02-16T11:45:52+0000","0","0",""
"293834040785050_293850697450051/293850684116719_875582162610232","477","169","1","293850684116719_875582162610232","data","data.*","fetched (200)","2021-08-08 13:36:15.659764","Facebook:/<post-id>/comments","Great photo ;)","2018-02-16T18:14:10+0000","0","0",""
"293834040785050_293850697450051/293850684116719_1087602241408222","478","169","1","293850684116719_1087602241408222","data","data.*","fetched (200)","2021-08-08 13:36:15.659764","Facebook:/<post-id>/comments","I hope ulipata  kaunga  kwa  mlenda Sr. Am good","2018-12-12T12:37:58+0000","0","0",""
"293834040785050_293850697450051/293850684116719_1102492459919200","479","169","1","293850684116719_1102492459919200","data","data.*","fetched (200)","2021-08-08 13:36:15.659764","Facebook:/<post-id>/comments","Good food, friendly service and money wise exceptional. Keep it up Marc&Co.","2019-01-04T11:13:14+0000","0","0",""
"293834040785050_293850697450051/293850684116719_1334827110019066","480","169","1","293850684116719_1334827110019066","data","data.*","fetched (200)","2021-08-08 13:36:15.659764","Facebook:/<post-id>/comments","good food :)","2019-11-14T11:10:22+0000","0","0",""
"293834040785050_293850697450051/293834040785050_293850697450051","481","169","1","293834040785050_293850697450051","offcut","","fetched (200)","2021-08-08 13:36:15.659764","Facebook:/<post-id>/comments","","","","",""
"293834040785050_293842020784252","170","None","0","293834040785050_293842020784252","seed","","","None","None","","","","",""
"293834040785050_293842020784252/293834040785050_293842020784252","482","170","1","293834040785050_293842020784252","empty","","fetched (200)","2021-08-08 13:36:16.050692","Facebook:/<post-id>/comments","","","","",""
